Country Code,Country Name,Year,Population
ABW,Aruba,2015,104341
ABW,Aruba,2016,104872
ABW,Aruba,2017,105366
ABW,Aruba,2018,105845
ABW,Aruba,2019,106314
AFG,Afghanistan,2015,34413603
AFG,Afghanistan,2016,35383128
AFG,Afghanistan,2017,36296400
AFG,Afghanistan,2018,37172386
AFG,Afghanistan,2019,38041754
AGO,Angola,2015,27884381
AGO,Angola,2016,28842484
AGO,Angola,2017,29816748
AGO,Angola,2018,30809762
AGO,Angola,2019,31825295
ALB,Albania,2015,2880703
ALB,Albania,2016,2876101
ALB,Albania,2017,2873457
ALB,Albania,2018,2866376
ALB,Albania,2019,2854191
AND,Andorra,2015,78011
AND,Andorra,2016,77297
AND,Andorra,2017,77001
AND,Andorra,2018,77006
AND,Andorra,2019,77142
ARB,Arab World,2015,396028278
ARB,Arab World,2016,404024435
ARB,Arab World,2017,411898967
ARB,Arab World,2018,419790591
ARB,Arab World,2019,427870270
ARE,United Arab Emirates,2015,9262900
ARE,United Arab Emirates,2016,9360980
ARE,United Arab Emirates,2017,9487203
ARE,United Arab Emirates,2018,9630959
ARE,United Arab Emirates,2019,9770529
ARG,Argentina,2015,43131966
ARG,Argentina,2016,43590368
ARG,Argentina,2017,44044811
ARG,Argentina,2018,44494502
ARG,Argentina,2019,44938712
ARM,Armenia,2015,2925553
ARM,Armenia,2016,2936146
ARM,Armenia,2017,2944809
ARM,Armenia,2018,2951776
ARM,Armenia,2019,2957731
ASM,American Samoa,2015,55812
ASM,American Samoa,2016,55741
ASM,American Samoa,2017,55620
ASM,American Samoa,2018,55465
ASM,American Samoa,2019,55312
ATG,Antigua and Barbuda,2015,93566
ATG,Antigua and Barbuda,2016,94527
ATG,Antigua and Barbuda,2017,95426
ATG,Antigua and Barbuda,2018,96286
ATG,Antigua and Barbuda,2019,97118
AUS,Australia,2015,23815995
AUS,Australia,2016,24190907
AUS,Australia,2017,24601860
AUS,Australia,2018,24982688
AUS,Australia,2019,25364307
AUT,Austria,2015,8642699
AUT,Austria,2016,8736668
AUT,Austria,2017,8797566
AUT,Austria,2018,8840521
AUT,Austria,2019,8877067
AZE,Azerbaijan,2015,9649341
AZE,Azerbaijan,2016,9757812
AZE,Azerbaijan,2017,9854033
AZE,Azerbaijan,2018,9939771
AZE,Azerbaijan,2019,10023318
BDI,Burundi,2015,10160030
BDI,Burundi,2016,10487998
BDI,Burundi,2017,10827024
BDI,Burundi,2018,11175378
BDI,Burundi,2019,11530580
BEL,Belgium,2015,11274196
BEL,Belgium,2016,11331422
BEL,Belgium,2017,11375158
BEL,Belgium,2018,11427054
BEL,Belgium,2019,11484055
BEN,Benin,2015,10575952
BEN,Benin,2016,10872067
BEN,Benin,2017,11175204
BEN,Benin,2018,11485048
BEN,Benin,2019,11801151
BFA,Burkina Faso,2015,18110624
BFA,Burkina Faso,2016,18646378
BFA,Burkina Faso,2017,19193284
BFA,Burkina Faso,2018,19751535
BFA,Burkina Faso,2019,20321378
BGD,Bangladesh,2015,156256276
BGD,Bangladesh,2016,157970840
BGD,Bangladesh,2017,159670593
BGD,Bangladesh,2018,161356039
BGD,Bangladesh,2019,163046161
BGR,Bulgaria,2015,7177991
BGR,Bulgaria,2016,7127822
BGR,Bulgaria,2017,7075947
BGR,Bulgaria,2018,7025037
BGR,Bulgaria,2019,6975761
BHR,Bahrain,2015,1371851
BHR,Bahrain,2016,1425791
BHR,Bahrain,2017,1494074
BHR,Bahrain,2018,1569439
BHR,Bahrain,2019,1641172
BHS,"Bahamas, The",2015,374206
BHS,"Bahamas, The",2016,377931
BHS,"Bahamas, The",2017,381761
BHS,"Bahamas, The",2018,385640
BHS,"Bahamas, The",2019,389482
BIH,Bosnia and Herzegovina,2015,3429361
BIH,Bosnia and Herzegovina,2016,3386267
BIH,Bosnia and Herzegovina,2017,3351527
BIH,Bosnia and Herzegovina,2018,3323929
BIH,Bosnia and Herzegovina,2019,3301000
BLR,Belarus,2015,9489616
BLR,Belarus,2016,9501534
BLR,Belarus,2017,9498264
BLR,Belarus,2018,9483499
BLR,Belarus,2019,9466856
BLZ,Belize,2015,360933
BLZ,Belize,2016,368400
BLZ,Belize,2017,375769
BLZ,Belize,2018,383071
BLZ,Belize,2019,390353
BMU,Bermuda,2015,65237
BMU,Bermuda,2016,64554
BMU,Bermuda,2017,63873
BMU,Bermuda,2018,63920
BMU,Bermuda,2019,63918
BOL,Bolivia,2015,10869730
BOL,Bolivia,2016,11031813
BOL,Bolivia,2017,11192854
BOL,Bolivia,2018,11353142
BOL,Bolivia,2019,11513100
BRA,Brazil,2015,204471769
BRA,Brazil,2016,206163058
BRA,Brazil,2017,207833831
BRA,Brazil,2018,209469333
BRA,Brazil,2019,211049527
BRB,Barbados,2015,285324
BRB,Barbados,2016,285796
BRB,Barbados,2017,286233
BRB,Barbados,2018,286641
BRB,Barbados,2019,287025
BRN,Brunei Darussalam,2015,414907
BRN,Brunei Darussalam,2016,419800
BRN,Brunei Darussalam,2017,424473
BRN,Brunei Darussalam,2018,428962
BRN,Brunei Darussalam,2019,433285
BTN,Bhutan,2015,727876
BTN,Bhutan,2016,736709
BTN,Bhutan,2017,745568
BTN,Bhutan,2018,754394
BTN,Bhutan,2019,763092
BWA,Botswana,2015,2120716
BWA,Botswana,2016,2159944
BWA,Botswana,2017,2205128
BWA,Botswana,2018,2254126
BWA,Botswana,2019,2303697
CAF,Central African Republic,2015,4493170
CAF,Central African Republic,2016,4537687
CAF,Central African Republic,2017,4596028
CAF,Central African Republic,2018,4666377
CAF,Central African Republic,2019,4745185
CAN,Canada,2015,35702908
CAN,Canada,2016,36109487
CAN,Canada,2017,36543321
CAN,Canada,2018,37057765
CAN,Canada,2019,37589262
CEB,Central Europe and the Baltics,2015,103257886
CEB,Central Europe and the Baltics,2016,102994278
CEB,Central Europe and the Baltics,2017,102738653
CEB,Central Europe and the Baltics,2018,102537026
CEB,Central Europe and the Baltics,2019,102378579
CHE,Switzerland,2015,8282396
CHE,Switzerland,2016,8373338
CHE,Switzerland,2017,8451840
CHE,Switzerland,2018,8514329
CHE,Switzerland,2019,8574832
CHI,Channel Islands,2015,165385
CHI,Channel Islands,2016,166923
CHI,Channel Islands,2017,168665
CHI,Channel Islands,2018,170499
CHI,Channel Islands,2019,172259
CHL,Chile,2015,17969353
CHL,Chile,2016,18209068
CHL,Chile,2017,18470439
CHL,Chile,2018,18729160
CHL,Chile,2019,18952038
CHN,China,2015,1371220000
CHN,China,2016,1378665000
CHN,China,2017,1386395000
CHN,China,2018,1392730000
CHN,China,2019,1397715000
CIV,Cote d'Ivoire,2015,23226143
CIV,Cote d'Ivoire,2016,23822714
CIV,Cote d'Ivoire,2017,24437469
CIV,Cote d'Ivoire,2018,25069229
CIV,Cote d'Ivoire,2019,25716544
CMR,Cameroon,2015,23298368
CMR,Cameroon,2016,23926539
CMR,Cameroon,2017,24566045
CMR,Cameroon,2018,25216237
CMR,Cameroon,2019,25876380
COD,"Congo, Dem. Rep.",2015,76244544
COD,"Congo, Dem. Rep.",2016,78789127
COD,"Congo, Dem. Rep.",2017,81398764
COD,"Congo, Dem. Rep.",2018,84068091
COD,"Congo, Dem. Rep.",2019,86790567
COG,"Congo, Rep.",2015,4856095
COG,"Congo, Rep.",2016,4980999
COG,"Congo, Rep.",2017,5110702
COG,"Congo, Rep.",2018,5244363
COG,"Congo, Rep.",2019,5380508
COL,Colombia,2015,47520667
COL,Colombia,2016,48171392
COL,Colombia,2017,48901066
COL,Colombia,2018,49648685
COL,Colombia,2019,50339443
COM,Comoros,2015,777424
COM,Comoros,2016,795592
COM,Comoros,2017,813892
COM,Comoros,2018,832322
COM,Comoros,2019,850886
CPV,Cabo Verde,2015,524743
CPV,Cabo Verde,2016,531146
CPV,Cabo Verde,2017,537497
CPV,Cabo Verde,2018,543767
CPV,Cabo Verde,2019,549935
CRI,Costa Rica,2015,4847804
CRI,Costa Rica,2016,4899345
CRI,Costa Rica,2017,4949954
CRI,Costa Rica,2018,4999441
CRI,Costa Rica,2019,5047561
CSS,Caribbean small states,2015,7222212
CSS,Caribbean small states,2016,7269386
CSS,Caribbean small states,2017,7314990
CSS,Caribbean small states,2018,7358965
CSS,Caribbean small states,2019,7401381
CUB,Cuba,2015,11324781
CUB,Cuba,2016,11335109
CUB,Cuba,2017,11339259
CUB,Cuba,2018,11338138
CUB,Cuba,2019,11333483
CUW,Curacao,2015,157980
CUW,Curacao,2016,159664
CUW,Curacao,2017,160175
CUW,Curacao,2018,159800
CUW,Curacao,2019,157538
CYM,Cayman Islands,2015,61724
CYM,Cayman Islands,2016,62569
CYM,Cayman Islands,2017,63382
CYM,Cayman Islands,2018,64174
CYM,Cayman Islands,2019,64948
CYP,Cyprus,2015,1160985
CYP,Cyprus,2016,1170187
CYP,Cyprus,2017,1179680
CYP,Cyprus,2018,1189265
CYP,Cyprus,2019,1198575
CZE,Czech Republic,2015,10546059
CZE,Czech Republic,2016,10566332
CZE,Czech Republic,2017,10594438
CZE,Czech Republic,2018,10629928
CZE,Czech Republic,2019,10669709
DEU,Germany,2015,81686611
DEU,Germany,2016,82348669
DEU,Germany,2017,82657002
DEU,Germany,2018,82905782
DEU,Germany,2019,83132799
DJI,Djibouti,2015,913993
DJI,Djibouti,2016,929112
DJI,Djibouti,2017,944097
DJI,Djibouti,2018,958920
DJI,Djibouti,2019,973560
DMA,Dominica,2015,71183
DMA,Dominica,2016,71307
DMA,Dominica,2017,71458
DMA,Dominica,2018,71625
DMA,Dominica,2019,71808
DNK,Denmark,2015,5683483
DNK,Denmark,2016,5728010
DNK,Denmark,2017,5764980
DNK,Denmark,2018,5793636
DNK,Denmark,2019,5818553
DOM,Dominican Republic,2015,10281680
DOM,Dominican Republic,2016,10397743
DOM,Dominican Republic,2017,10513131
DOM,Dominican Republic,2018,10627165
DOM,Dominican Republic,2019,10738958
DZA,Algeria,2015,39728025
DZA,Algeria,2016,40551404
DZA,Algeria,2017,41389198
DZA,Algeria,2018,42228429
DZA,Algeria,2019,43053054
EAP,East Asia & Pacific (excluding high income),2015,2038190036
EAP,East Asia & Pacific (excluding high income),2016,2053103802
EAP,East Asia & Pacific (excluding high income),2017,2068142784
EAP,East Asia & Pacific (excluding high income),2018,2081639097
EAP,East Asia & Pacific (excluding high income),2019,2093675040
EAR,Early-demographic dividend,2015,3122156912
EAR,Early-demographic dividend,2016,3164386917
EAR,Early-demographic dividend,2017,3206361023
EAR,Early-demographic dividend,2018,3248239448
EAR,Early-demographic dividend,2019,3290290622
EAS,East Asia & Pacific,2015,2282855831
EAS,East Asia & Pacific,2016,2298486142
EAS,East Asia & Pacific,2017,2314097713
EAS,East Asia & Pacific,2018,2328138066
EAS,East Asia & Pacific,2019,2340628292
ECA,Europe & Central Asia (excluding high income),2015,390295673
ECA,Europe & Central Asia (excluding high income),2016,392870484
ECA,Europe & Central Asia (excluding high income),2017,395289709
ECA,Europe & Central Asia (excluding high income),2018,397435105.5
ECA,Europe & Central Asia (excluding high income),2019,399404587
ECS,Europe & Central Asia,2015,906707416
ECS,Europe & Central Asia,2016,910904758
ECS,Europe & Central Asia,2017,914585461
ECS,Europe & Central Asia,2018,917922618.5
ECS,Europe & Central Asia,2019,921140092
ECU,Ecuador,2015,16212020
ECU,Ecuador,2016,16491115
ECU,Ecuador,2017,16785361
ECU,Ecuador,2018,17084357
ECU,Ecuador,2019,17373662
EGY,"Egypt, Arab Rep.",2015,92442547
EGY,"Egypt, Arab Rep.",2016,94447072
EGY,"Egypt, Arab Rep.",2017,96442593
EGY,"Egypt, Arab Rep.",2018,98423595
EGY,"Egypt, Arab Rep.",2019,100388073
EMU,Euro area,2015,339488380
EMU,Euro area,2016,340481753
EMU,Euro area,2017,341163597
EMU,Euro area,2018,341843156
EMU,Euro area,2019,342597698
ERI,Eritrea,2015,
ERI,Eritrea,2016,
ERI,Eritrea,2017,
ERI,Eritrea,2018,
ERI,Eritrea,2019,
ESP,Spain,2015,46444832
ESP,Spain,2016,46484062
ESP,Spain,2017,46593236
ESP,Spain,2018,46797754
ESP,Spain,2019,47076781
EST,Estonia,2015,1315407
EST,Estonia,2016,1315790
EST,Estonia,2017,1317384
EST,Estonia,2018,1321977
EST,Estonia,2019,1326590
ETH,Ethiopia,2015,100835458
ETH,Ethiopia,2016,103603501
ETH,Ethiopia,2017,106400024
ETH,Ethiopia,2018,109224559
ETH,Ethiopia,2019,112078730
EUU,European Union,2015,444543759
EUU,European Union,2016,445487728
EUU,European Union,2017,446131273
EUU,European Union,2018,446777673
EUU,European Union,2019,447512041
FCS,Fragile and conflict affected situations,2015,696641764
FCS,Fragile and conflict affected situations,2016,712328811
FCS,Fragile and conflict affected situations,2017,727976005
FCS,Fragile and conflict affected situations,2018,743910171
FCS,Fragile and conflict affected situations,2019,760603096
FIN,Finland,2015,5479531
FIN,Finland,2016,5495303
FIN,Finland,2017,5508214
FIN,Finland,2018,5515525
FIN,Finland,2019,5520314
FJI,Fiji,2015,868627
FJI,Fiji,2016,872399
FJI,Fiji,2017,877459
FJI,Fiji,2018,883483
FJI,Fiji,2019,889953
FRA,France,2015,66548272
FRA,France,2016,66724104
FRA,France,2017,66864379
FRA,France,2018,66965912
FRA,France,2019,67059887
FRO,Faroe Islands,2015,48051
FRO,Faroe Islands,2016,48173
FRO,Faroe Islands,2017,48331
FRO,Faroe Islands,2018,48497
FRO,Faroe Islands,2019,48678
FSM,"Micronesia, Fed. Sts.",2015,108895
FSM,"Micronesia, Fed. Sts.",2016,110215
FSM,"Micronesia, Fed. Sts.",2017,111459
FSM,"Micronesia, Fed. Sts.",2018,112640
FSM,"Micronesia, Fed. Sts.",2019,113815
GAB,Gabon,2015,1947686
GAB,Gabon,2016,2007873
GAB,Gabon,2017,2064823
GAB,Gabon,2018,2119275
GAB,Gabon,2019,2172579
GBR,United Kingdom,2015,65116219
GBR,United Kingdom,2016,65611593
GBR,United Kingdom,2017,66058859
GBR,United Kingdom,2018,66460344
GBR,United Kingdom,2019,66834405
GEO,Georgia,2015,3725276
GEO,Georgia,2016,3727505
GEO,Georgia,2017,3728004
GEO,Georgia,2018,3726549
GEO,Georgia,2019,3720382
GHA,Ghana,2015,27849205
GHA,Ghana,2016,28481946
GHA,Ghana,2017,29121471
GHA,Ghana,2018,29767108
GHA,Ghana,2019,30417856
GIB,Gibraltar,2015,33736
GIB,Gibraltar,2016,33737
GIB,Gibraltar,2017,33728
GIB,Gibraltar,2018,33718
GIB,Gibraltar,2019,33701
GIN,Guinea,2015,11432088
GIN,Guinea,2016,11738441
GIN,Guinea,2017,12067539
GIN,Guinea,2018,12414318
GIN,Guinea,2019,12771246
GMB,"Gambia, The",2015,2085860
GMB,"Gambia, The",2016,2149139
GMB,"Gambia, The",2017,2213894
GMB,"Gambia, The",2018,2280102
GMB,"Gambia, The",2019,2347706
GNB,Guinea-Bissau,2015,1737202
GNB,Guinea-Bissau,2016,1782437
GNB,Guinea-Bissau,2017,1828146
GNB,Guinea-Bissau,2018,1874309
GNB,Guinea-Bissau,2019,1920922
GNQ,Equatorial Guinea,2015,1168568
GNQ,Equatorial Guinea,2016,1215179
GNQ,Equatorial Guinea,2017,1262001
GNQ,Equatorial Guinea,2018,1308974
GNQ,Equatorial Guinea,2019,1355986
GRC,Greece,2015,10820883
GRC,Greece,2016,10775971
GRC,Greece,2017,10754679
GRC,Greece,2018,10732882
GRC,Greece,2019,10716322
GRD,Grenada,2015,109599
GRD,Grenada,2016,110261
GRD,Grenada,2017,110874
GRD,Grenada,2018,111454
GRD,Grenada,2019,112003
GRL,Greenland,2015,56114
GRL,Greenland,2016,56186
GRL,Greenland,2017,56172
GRL,Greenland,2018,56023
GRL,Greenland,2019,56225
GTM,Guatemala,2015,15567419
GTM,Guatemala,2016,15827690
GTM,Guatemala,2017,16087418
GTM,Guatemala,2018,16346950
GTM,Guatemala,2019,16604026
GUM,Guam,2015,161853
GUM,Guam,2016,162951
GUM,Guam,2017,164281
GUM,Guam,2018,165768
GUM,Guam,2019,167294
GUY,Guyana,2015,767432
GUY,Guyana,2016,771366
GUY,Guyana,2017,775221
GUY,Guyana,2018,779004
GUY,Guyana,2019,782766
HIC,High income,2015,1212252369
HIC,High income,2016,1219052239
HIC,High income,2017,1225031047
HIC,High income,2018,1230515713
HIC,High income,2019,1235852827
HKG,"Hong Kong SAR, China",2015,7291300
HKG,"Hong Kong SAR, China",2016,7336600
HKG,"Hong Kong SAR, China",2017,7391700
HKG,"Hong Kong SAR, China",2018,7451000
HKG,"Hong Kong SAR, China",2019,7507400
HND,Honduras,2015,9112916
HND,Honduras,2016,9270795
HND,Honduras,2017,9429013
HND,Honduras,2018,9587522
HND,Honduras,2019,9746117
HPC,Heavily indebted poor countries (HIPC),2015,718128416
HPC,Heavily indebted poor countries (HIPC),2016,738387254
HPC,Heavily indebted poor countries (HIPC),2017,759106221
HPC,Heavily indebted poor countries (HIPC),2018,780234406
HPC,Heavily indebted poor countries (HIPC),2019,801708035
HRV,Croatia,2015,4203604
HRV,Croatia,2016,4174349
HRV,Croatia,2017,4124531
HRV,Croatia,2018,4087843
HRV,Croatia,2019,4067500
HTI,Haiti,2015,10695542
HTI,Haiti,2016,10839970
HTI,Haiti,2017,10982366
HTI,Haiti,2018,11123176
HTI,Haiti,2019,11263077
HUN,Hungary,2015,9843028
HUN,Hungary,2016,9814023
HUN,Hungary,2017,9787966
HUN,Hungary,2018,9775564
HUN,Hungary,2019,9769949
IBD,IBRD only,2015,4648915927
IBD,IBRD only,2016,4692789458
IBD,IBRD only,2017,4736161411
IBD,IBRD only,2018,4777244900.5
IBD,IBRD only,2019,4816235951
IBT,IDA & IBRD total,2015,6176134815
IBT,IDA & IBRD total,2016,6254594188
IBT,IDA & IBRD total,2017,6333378175
IBT,IDA & IBRD total,2018,6410726415.5
IBT,IDA & IBRD total,2019,6486934851
IDA,IDA total,2015,1527218888
IDA,IDA total,2016,1561804730
IDA,IDA total,2017,1597216764
IDA,IDA total,2018,1633481515
IDA,IDA total,2019,1670698900
IDB,IDA blend,2015,512877243
IDB,IDA blend,2016,524790731
IDB,IDA blend,2017,536862922
IDB,IDA blend,2018,549115214
IDB,IDA blend,2019,561572202
IDN,Indonesia,2015,258383256
IDN,Indonesia,2016,261554226
IDN,Indonesia,2017,264645886
IDN,Indonesia,2018,267663435
IDN,Indonesia,2019,270625568
IDX,IDA only,2015,1014341645
IDX,IDA only,2016,1037013999
IDX,IDA only,2017,1060353842
IDX,IDA only,2018,1084366301
IDX,IDA only,2019,1109126698
IMN,Isle of Man,2015,83234
IMN,Isle of Man,2016,83287
IMN,Isle of Man,2017,83598
IMN,Isle of Man,2018,84077
IMN,Isle of Man,2019,84584
IND,India,2015,1310152403
IND,India,2016,1324509589
IND,India,2017,1338658835
IND,India,2018,1352617328
IND,India,2019,1366417754
INX,Not classified,2015,
INX,Not classified,2016,
INX,Not classified,2017,
INX,Not classified,2018,
INX,Not classified,2019,
IRL,Ireland,2015,4701957
IRL,Ireland,2016,4755335
IRL,Ireland,2017,4807388
IRL,Ireland,2018,4867316
IRL,Ireland,2019,4941444
IRN,"Iran, Islamic Rep.",2015,78492215
IRN,"Iran, Islamic Rep.",2016,79564016
IRN,"Iran, Islamic Rep.",2017,80673951
IRN,"Iran, Islamic Rep.",2018,81800269
IRN,"Iran, Islamic Rep.",2019,82913906
IRQ,Iraq,2015,35572261
IRQ,Iraq,2016,36610632
IRQ,Iraq,2017,37552781
IRQ,Iraq,2018,38433600
IRQ,Iraq,2019,39309783
ISL,Iceland,2015,330815
ISL,Iceland,2016,335439
ISL,Iceland,2017,343400
ISL,Iceland,2018,352721
ISL,Iceland,2019,361313
ISR,Israel,2015,8380100
ISR,Israel,2016,8546000
ISR,Israel,2017,8713300
ISR,Israel,2018,8882800
ISR,Israel,2019,9053300
ITA,Italy,2015,60730582
ITA,Italy,2016,60627498
ITA,Italy,2017,60536709
ITA,Italy,2018,60421760
ITA,Italy,2019,60297396
JAM,Jamaica,2015,2891021
JAM,Jamaica,2016,2906238
JAM,Jamaica,2017,2920853
JAM,Jamaica,2018,2934855
JAM,Jamaica,2019,2948279
JOR,Jordan,2015,9266575
JOR,Jordan,2016,9551467
JOR,Jordan,2017,9779173
JOR,Jordan,2018,9956011
JOR,Jordan,2019,10101694
JPN,Japan,2015,127141000
JPN,Japan,2016,126994511
JPN,Japan,2017,126785797
JPN,Japan,2018,126529100
JPN,Japan,2019,126264931
KAZ,Kazakhstan,2015,17542806
KAZ,Kazakhstan,2016,17794055
KAZ,Kazakhstan,2017,18037776
KAZ,Kazakhstan,2018,18276498.5
KAZ,Kazakhstan,2019,18513930
KEN,Kenya,2015,47878336
KEN,Kenya,2016,49051686
KEN,Kenya,2017,50221473
KEN,Kenya,2018,51393010
KEN,Kenya,2019,52573973
KGZ,Kyrgyz Republic,2015,5956900
KGZ,Kyrgyz Republic,2016,6079500
KGZ,Kyrgyz Republic,2017,6198200
KGZ,Kyrgyz Republic,2018,6322800
KGZ,Kyrgyz Republic,2019,6456900
KHM,Cambodia,2015,15521436
KHM,Cambodia,2016,15766293
KHM,Cambodia,2017,16009414
KHM,Cambodia,2018,16249798
KHM,Cambodia,2019,16486542
KIR,Kiribati,2015,110930
KIR,Kiribati,2016,112524
KIR,Kiribati,2017,114158
KIR,Kiribati,2018,115847
KIR,Kiribati,2019,117606
KNA,St. Kitts and Nevis,2015,51203
KNA,St. Kitts and Nevis,2016,51625
KNA,St. Kitts and Nevis,2017,52045
KNA,St. Kitts and Nevis,2018,52441
KNA,St. Kitts and Nevis,2019,52823
KOR,"Korea, Rep.",2015,51014947
KOR,"Korea, Rep.",2016,51217803
KOR,"Korea, Rep.",2017,51361911
KOR,"Korea, Rep.",2018,51606633
KOR,"Korea, Rep.",2019,51709098
KWT,Kuwait,2015,3835591
KWT,Kuwait,2016,3956875
KWT,Kuwait,2017,4056099
KWT,Kuwait,2018,4137312
KWT,Kuwait,2019,4207083
LAC,Latin America & Caribbean (excluding high income),2015,590731810
LAC,Latin America & Caribbean (excluding high income),2016,596643917
LAC,Latin America & Caribbean (excluding high income),2017,602426586
LAC,Latin America & Caribbean (excluding high income),2018,608113077
LAC,Latin America & Caribbean (excluding high income),2019,613773128
LAO,Lao PDR,2015,6741164
LAO,Lao PDR,2016,6845846
LAO,Lao PDR,2017,6953035
LAO,Lao PDR,2018,7061507
LAO,Lao PDR,2019,7169455
LBN,Lebanon,2015,6532678
LBN,Lebanon,2016,6711121
LBN,Lebanon,2017,6811873
LBN,Lebanon,2018,6848925
LBN,Lebanon,2019,6855713
LBR,Liberia,2015,4472230
LBR,Liberia,2016,4586788
LBR,Liberia,2017,4702228
LBR,Liberia,2018,4818977
LBR,Liberia,2019,4937374
LBY,Libya,2015,6418315
LBY,Libya,2016,6492164
LBY,Libya,2017,6580724
LBY,Libya,2018,6678567
LBY,Libya,2019,6777452
LCA,St. Lucia,2015,179126
LCA,St. Lucia,2016,180024
LCA,St. Lucia,2017,180955
LCA,St. Lucia,2018,181889
LCA,St. Lucia,2019,182790
LCN,Latin America & Caribbean,2015,622301089
LCN,Latin America & Caribbean,2016,628484873
LCN,Latin America & Caribbean,2017,634545282
LCN,Latin America & Caribbean,2018,640454810
LCN,Latin America & Caribbean,2019,646430841
LDC,Least developed countries: UN classification,2015,941131317
LDC,Least developed countries: UN classification,2016,963511276
LDC,Least developed countries: UN classification,2017,986365080
LDC,Least developed countries: UN classification,2018,1009662578
LDC,Least developed countries: UN classification,2019,1033388876
LIC,Low income,2015,603234541
LIC,Low income,2016,618780841
LIC,Low income,2017,634796692
LIC,Low income,2018,651327587
LIC,Low income,2019,668454965
LIE,Liechtenstein,2015,37470
LIE,Liechtenstein,2016,37658
LIE,Liechtenstein,2017,37800
LIE,Liechtenstein,2018,37910
LIE,Liechtenstein,2019,38019
LKA,Sri Lanka,2015,20970000
LKA,Sri Lanka,2016,21203000
LKA,Sri Lanka,2017,21444000
LKA,Sri Lanka,2018,21670000
LKA,Sri Lanka,2019,21803000
LMC,Lower middle income,2015,2749824313
LMC,Lower middle income,2016,2790617792
LMC,Lower middle income,2017,2831466703
LMC,Lower middle income,2018,2872397765
LMC,Lower middle income,2019,2913363391
LMY,Low & middle income,2015,6126712591
LMY,Low & middle income,2016,6205230249
LMY,Low & middle income,2017,6284034658
LMY,Low & middle income,2018,6361417193.5
LMY,Low & middle income,2019,6437681145
LSO,Lesotho,2015,2059021
LSO,Lesotho,2016,2075001
LSO,Lesotho,2017,2091412
LSO,Lesotho,2018,2108132
LSO,Lesotho,2019,2125268
LTE,Late-demographic dividend,2015,2247409050
LTE,Late-demographic dividend,2016,2261409324
LTE,Late-demographic dividend,2017,2275525382
LTE,Late-demographic dividend,2018,2287833783.5
LTE,Late-demographic dividend,2019,2298470832
LTU,Lithuania,2015,2904910
LTU,Lithuania,2016,2868231
LTU,Lithuania,2017,2828403
LTU,Lithuania,2018,2801543
LTU,Lithuania,2019,2786844
LUX,Luxembourg,2015,569604
LUX,Luxembourg,2016,582014
LUX,Luxembourg,2017,596336
LUX,Luxembourg,2018,607950
LUX,Luxembourg,2019,619896
LVA,Latvia,2015,1977527
LVA,Latvia,2016,1959537
LVA,Latvia,2017,1942248
LVA,Latvia,2018,1927174
LVA,Latvia,2019,1912789
MAC,"Macao SAR, China",2015,602085
MAC,"Macao SAR, China",2016,612836
MAC,"Macao SAR, China",2017,622585
MAC,"Macao SAR, China",2018,631636
MAC,"Macao SAR, China",2019,640445
MAF,St. Martin (French part),2015,35858
MAF,St. Martin (French part),2016,36065
MAF,St. Martin (French part),2017,36560
MAF,St. Martin (French part),2018,37264
MAF,St. Martin (French part),2019,38002
MAR,Morocco,2015,34663603
MAR,Morocco,2016,35126296
MAR,Morocco,2017,35581294
MAR,Morocco,2018,36029138
MAR,Morocco,2019,36471769
MCO,Monaco,2015,37718
MCO,Monaco,2016,38070
MCO,Monaco,2017,38392
MCO,Monaco,2018,38682
MCO,Monaco,2019,38964
MDA,Moldova,2015,2834530
MDA,Moldova,2016,2802170
MDA,Moldova,2017,2755158
MDA,Moldova,2018,2706049
MDA,Moldova,2019,2657637
MDG,Madagascar,2015,24234088
MDG,Madagascar,2016,24894380
MDG,Madagascar,2017,25570540
MDG,Madagascar,2018,26262368
MDG,Madagascar,2019,26969307
MDV,Maldives,2015,454915
MDV,Maldives,2016,475513
MDV,Maldives,2017,496402
MDV,Maldives,2018,515696
MDV,Maldives,2019,530953
MEA,Middle East & North Africa,2015,425821770
MEA,Middle East & North Africa,2016,433597628
MEA,Middle East & North Africa,2017,441255236
MEA,Middle East & North Africa,2018,448912962
MEA,Middle East & North Africa,2019,456707404
MEX,Mexico,2015,121858258
MEX,Mexico,2016,123333376
MEX,Mexico,2017,124777324
MEX,Mexico,2018,126190788
MEX,Mexico,2019,127575529
MHL,Marshall Islands,2015,57439
MHL,Marshall Islands,2016,57735
MHL,Marshall Islands,2017,58058
MHL,Marshall Islands,2018,58413
MHL,Marshall Islands,2019,58791
MIC,Middle income,2015,5523478050
MIC,Middle income,2016,5586449408
MIC,Middle income,2017,5649237966
MIC,Middle income,2018,5710089606.5
MIC,Middle income,2019,5769226180
MKD,North Macedonia,2015,2079328
MKD,North Macedonia,2016,2080745
MKD,North Macedonia,2017,2081996
MKD,North Macedonia,2018,2082958
MKD,North Macedonia,2019,2083459
MLI,Mali,2015,17438778
MLI,Mali,2016,17965429
MLI,Mali,2017,18512394
MLI,Mali,2018,19077690
MLI,Mali,2019,19658031
MLT,Malta,2015,445053
MLT,Malta,2016,455356
MLT,Malta,2017,467999
MLT,Malta,2018,484630
MLT,Malta,2019,502653
MMR,Myanmar,2015,52680726
MMR,Myanmar,2016,53045226
MMR,Myanmar,2017,53382581
MMR,Myanmar,2018,53708395
MMR,Myanmar,2019,54045420
MNA,Middle East & North Africa (excluding high income),2015,363975550
MNA,Middle East & North Africa (excluding high income),2016,370276461
MNA,Middle East & North Africa (excluding high income),2017,376546755
MNA,Middle East & North Africa (excluding high income),2018,382896715
MNA,Middle East & North Africa (excluding high income),2019,389457086
MNE,Montenegro,2015,622159
MNE,Montenegro,2016,622303
MNE,Montenegro,2017,622373
MNE,Montenegro,2018,622227
MNE,Montenegro,2019,622137
MNG,Mongolia,2015,2998439
MNG,Mongolia,2016,3056359
MNG,Mongolia,2017,3113779
MNG,Mongolia,2018,3170208
MNG,Mongolia,2019,3225167
MNP,Northern Mariana Islands,2015,55780
MNP,Northern Mariana Islands,2016,56188
MNP,Northern Mariana Islands,2017,56562
MNP,Northern Mariana Islands,2018,56882
MNP,Northern Mariana Islands,2019,57216
MOZ,Mozambique,2015,27042002
MOZ,Mozambique,2016,27829942
MOZ,Mozambique,2017,28649007
MOZ,Mozambique,2018,29495962
MOZ,Mozambique,2019,30366036
MRT,Mauritania,2015,4046301
MRT,Mauritania,2016,4163534
MRT,Mauritania,2017,4282574
MRT,Mauritania,2018,4403319
MRT,Mauritania,2019,4525696
MUS,Mauritius,2015,1262605
MUS,Mauritius,2016,1263473
MUS,Mauritius,2017,1264613
MUS,Mauritius,2018,1265303
MUS,Mauritius,2019,1265711
MWI,Malawi,2015,16745303
MWI,Malawi,2016,17205289
MWI,Malawi,2017,17670260
MWI,Malawi,2018,18143315
MWI,Malawi,2019,18628747
MYS,Malaysia,2015,30270962
MYS,Malaysia,2016,30684804
MYS,Malaysia,2017,31105028
MYS,Malaysia,2018,31528585
MYS,Malaysia,2019,31949777
NAC,North America,2015,356403308
NAC,North America,2016,359115352
NAC,North America,2017,361592733
NAC,North America,2018,363809186
NAC,North America,2019,365892703
NAM,Namibia,2015,2314904
NAM,Namibia,2016,2358041
NAM,Namibia,2017,2402603
NAM,Namibia,2018,2448255
NAM,Namibia,2019,2494530
NCL,New Caledonia,2015,272400
NCL,New Caledonia,2016,276550
NCL,New Caledonia,2017,280350
NCL,New Caledonia,2018,284060
NCL,New Caledonia,2019,287800
NER,Niger,2015,20001663
NER,Niger,2016,20788838
NER,Niger,2017,21602472
NER,Niger,2018,22442948
NER,Niger,2019,23310715
NGA,Nigeria,2015,181137448
NGA,Nigeria,2016,185960289
NGA,Nigeria,2017,190873311
NGA,Nigeria,2018,195874740
NGA,Nigeria,2019,200963599
NIC,Nicaragua,2015,6223240
NIC,Nicaragua,2016,6303974
NIC,Nicaragua,2017,6384855
NIC,Nicaragua,2018,6465513
NIC,Nicaragua,2019,6545502
NLD,Netherlands,2015,16939923
NLD,Netherlands,2016,17030314
NLD,Netherlands,2017,17131296
NLD,Netherlands,2018,17231624
NLD,Netherlands,2019,17332850
NOR,Norway,2015,5188607
NOR,Norway,2016,5234519
NOR,Norway,2017,5276968
NOR,Norway,2018,5311916
NOR,Norway,2019,5347896
NPL,Nepal,2015,27015031
NPL,Nepal,2016,27261131
NPL,Nepal,2017,27627124
NPL,Nepal,2018,28087871
NPL,Nepal,2019,28608710
NRU,Nauru,2015,12475
NRU,Nauru,2016,13049
NRU,Nauru,2017,12876
NRU,Nauru,2018,12704
NRU,Nauru,2019,12581
NZL,New Zealand,2015,4595700
NZL,New Zealand,2016,4693200
NZL,New Zealand,2017,4793900
NZL,New Zealand,2018,4841000
NZL,New Zealand,2019,4917000
OED,OECD members,2015,1327822047
OED,OECD members,2016,1336641415
OED,OECD members,2017,1344863242
OED,OECD members,2018,1352633507
OED,OECD members,2019,1359963500
OMN,Oman,2015,4267348
OMN,Oman,2016,4479219
OMN,Oman,2017,4665935
OMN,Oman,2018,4829483
OMN,Oman,2019,4974986
OSS,Other small states,2015,28948869
OSS,Other small states,2016,29542879
OSS,Other small states,2017,30148800
OSS,Other small states,2018,30760211
OSS,Other small states,2019,31360407
PAK,Pakistan,2015,199426964
PAK,Pakistan,2016,203627284
PAK,Pakistan,2017,207896686
PAK,Pakistan,2018,212215030
PAK,Pakistan,2019,216565318
PAN,Panama,2015,3968487
PAN,Panama,2016,4037078
PAN,Panama,2017,4106771
PAN,Panama,2018,4176873
PAN,Panama,2019,4246439
PER,Peru,2015,30470734
PER,Peru,2016,30926032
PER,Peru,2017,31444297
PER,Peru,2018,31989256
PER,Peru,2019,32510453
PHL,Philippines,2015,102113212
PHL,Philippines,2016,103663927
PHL,Philippines,2017,105173264
PHL,Philippines,2018,106651922
PHL,Philippines,2019,108116615
PLW,Palau,2015,17665
PLW,Palau,2016,17725
PLW,Palau,2017,17808
PLW,Palau,2018,17907
PLW,Palau,2019,18008
PNG,Papua New Guinea,2015,8107775
PNG,Papua New Guinea,2016,8271760
PNG,Papua New Guinea,2017,8438029
PNG,Papua New Guinea,2018,8606316
PNG,Papua New Guinea,2019,8776109
POL,Poland,2015,37986412
POL,Poland,2016,37970087
POL,Poland,2017,37974826
POL,Poland,2018,37974750
POL,Poland,2019,37970874
PRE,Pre-demographic dividend,2015,845759344
PRE,Pre-demographic dividend,2016,869943914
PRE,Pre-demographic dividend,2017,894512725
PRE,Pre-demographic dividend,2018,919485393
PRE,Pre-demographic dividend,2019,944902749
PRI,Puerto Rico,2015,3473232
PRI,Puerto Rico,2016,3406672
PRI,Puerto Rico,2017,3325286
PRI,Puerto Rico,2018,3193354
PRI,Puerto Rico,2019,3193694
PRK,"Korea, Dem. People’s Rep.",2015,25183833
PRK,"Korea, Dem. People’s Rep.",2016,25307744
PRK,"Korea, Dem. People’s Rep.",2017,25429985
PRK,"Korea, Dem. People’s Rep.",2018,25549819
PRK,"Korea, Dem. People’s Rep.",2019,25666161
PRT,Portugal,2015,10358076
PRT,Portugal,2016,10325452
PRT,Portugal,2017,10300300
PRT,Portugal,2018,10283822
PRT,Portugal,2019,10269417
PRY,Paraguay,2015,6688746
PRY,Paraguay,2016,6777872
PRY,Paraguay,2017,6867062
PRY,Paraguay,2018,6956071
PRY,Paraguay,2019,7044636
PSE,West Bank and Gaza,2015,4270092
PSE,West Bank and Gaza,2016,4367088
PSE,West Bank and Gaza,2017,4454805
PSE,West Bank and Gaza,2018,4569087
PSE,West Bank and Gaza,2019,4685306
PSS,Pacific island small states,2015,2355672
PSS,Pacific island small states,2016,2388307
PSS,Pacific island small states,2017,2422086
PSS,Pacific island small states,2018,2457367
PSS,Pacific island small states,2019,2493696
PST,Post-demographic dividend,2015,1096860060
PST,Post-demographic dividend,2016,1101715022
PST,Post-demographic dividend,2017,1105771602
PST,Post-demographic dividend,2018,1109441474
PST,Post-demographic dividend,2019,1112914457
PYF,French Polynesia,2015,273124
PYF,French Polynesia,2016,274575
PYF,French Polynesia,2017,276103
PYF,French Polynesia,2018,277679
PYF,French Polynesia,2019,279287
QAT,Qatar,2015,2565710
QAT,Qatar,2016,2654374
QAT,Qatar,2017,2724724
QAT,Qatar,2018,2781677
QAT,Qatar,2019,2832067
ROU,Romania,2015,19815616
ROU,Romania,2016,19702267
ROU,Romania,2017,19587290
ROU,Romania,2018,19472545
ROU,Romania,2019,19356544
VGB,British Virgin Islands,2015,29152
TCD,Chad,2015,14110975
TEA,East Asia & Pacific (IDA & IBRD countries),2015,2012980531
SLV,El Salvador,2015,6325124
SWZ,Eswatini,2015,1104044
TEC,Europe & Central Asia (IDA & IBRD countries),2015,452301305
XKX,Kosovo,2015,1788196
TLA,Latin America & the Caribbean (IDA & IBRD countries),2015,606271975
TMN,Middle East & North Africa (IDA & IBRD countries),2015,359705458
RUS,Russia,2015,144096870
RWA,Rwanda,2015,11369071
WSM,Samoa,2015,193513
SMR,San Marino,2015,33272
STP,Sao Tome and Principe,2015,199432
SAU,Saudi Arabia,2015,31717667
SEN,Senegal,2015,14578459
SRB,Serbia,2015,7095383
SYC,Seychelles,2015,93419
SLE,Sierra Leone,2015,7171914
SGP,Singapore,2015,5535002
SXM,Sint Maarten (Dutch part),2015,38825
SVK,Slovak Republic,2015,5423801
SVN,Slovenia,2015,2063531
SST,Small states,2015,38526753
SLB,Solomon Islands,2015,603118
SOM,Somalia,2015,13797201
ZAF,South Africa,2015,55386367
SAS,South Asia,2015,1749417068
TSA,South Asia (IDA & IBRD),2015,1749417068
SSD,South Sudan,2015,10715658
VCT,St. Vincent and the Grenadines,2015,109148
SSF,Sub-Saharan Africa,2015,995458478
TSS,Sub-Saharan Africa (IDA & IBRD countries),2015,995458478
SSA,Sub-Saharan Africa (excluding high income),2015,994102454
SDN,Sudan,2015,38902950
SUR,Suriname,2015,559143
SWE,Sweden,2015,9799186
SYR,Syrian Arab Republic,2015,17997408
TJK,Tajikistan,2015,8454028
TZA,Tanzania,2015,51482633
THA,Thailand,2015,68714511
TLS,Timor-Leste,2015,1196302
TGO,Togo,2015,7323158
TON,Tonga,2015,100781
TTO,Trinidad and Tobago,2015,1370328
TUN,Tunisia,2015,11179949
TUR,Turkey,2015,78529409
TKM,Turkmenistan,2015,5565287
TCA,Turks and Caicos Islands,2015,35981
TUV,Tuvalu,2015,11099
UGA,Uganda,2015,38225453
UKR,Ukraine,2015,45154036
USA,United States,2015,320635163
UMC,Upper middle income,2015,2773653737
URY,Uruguay,2015,3412009
UZB,Uzbekistan,2015,31298900
VUT,Vanuatu,2015,271130
VEN,"Venezuela, RB",2015,30081829
VNM,Vietnam,2015,92677076
VIR,Virgin Islands (U.S.),2015,107710
WLD,World,2015,7338964960
YEM,"Yemen, Rep.",2015,26497889
ZMB,Zambia,2015,15879361
ZWE,Zimbabwe,2015,13814629
VGB,British Virgin Islands,2016,29355
TCD,Chad,2016,14561666
TEA,East Asia & Pacific (IDA & IBRD countries),2016,2027771091
SLV,El Salvador,2016,6356143
SWZ,Eswatini,2016,1113984
TEC,Europe & Central Asia (IDA & IBRD countries),2016,454717187
XKX,Kosovo,2016,1777557
TLA,Latin America & the Caribbean (IDA & IBRD countries),2016,612502802
TMN,Middle East & North Africa (IDA & IBRD countries),2016,365909373
RUS,Russia,2016,144342396
RWA,Rwanda,2016,11668818
WSM,Samoa,2016,194535
SMR,San Marino,2016,33504
STP,Sao Tome and Principe,2016,203227
SAU,Saudi Arabia,2016,32442572
SEN,Senegal,2016,14993528
SRB,Serbia,2016,7058322
SYC,Seychelles,2016,94677
SLE,Sierra Leone,2016,7328838
SGP,Singapore,2016,5607283
SXM,Sint Maarten (Dutch part),2016,39969
SVK,Slovak Republic,2016,5430798
SVN,Slovenia,2016,2065042
SST,Small states,2016,39200572
SLB,Solomon Islands,2016,619437
SOM,Somalia,2016,14185613
ZAF,South Africa,2016,56203654
SAS,South Asia,2016,1771167194
TSA,South Asia (IDA & IBRD),2016,1771167194
SSD,South Sudan,2016,10832512
VCT,St. Vincent and the Grenadines,2016,109459
SSF,Sub-Saharan Africa,2016,1022526541
TSS,Sub-Saharan Africa (IDA & IBRD countries),2016,1022526541
SSA,Sub-Saharan Africa (excluding high income),2016,1021168391
SDN,Sudan,2016,39847440
SUR,Suriname,2016,564888
SWE,Sweden,2016,9923085
SYR,Syrian Arab Republic,2016,17453933
TJK,Tajikistan,2016,8663579
TZA,Tanzania,2016,53050790
THA,Thailand,2016,68971331
TLS,Timor-Leste,2016,1219288
TGO,Togo,2016,7509952
TON,Tonga,2016,101133
TTO,Trinidad and Tobago,2016,1377564
TUN,Tunisia,2016,11303946
TUR,Turkey,2016,79821724
TKM,Turkmenistan,2016,5662372
TCA,Turks and Caicos Islands,2016,36559
TUV,Tuvalu,2016,11225
UGA,Uganda,2016,39647506
UKR,Ukraine,2016,45004674
USA,United States,2016,322941311
UMC,Upper middle income,2016,2795831616
URY,Uruguay,2016,3424132
UZB,Uzbekistan,2016,31847900
VUT,Vanuatu,2016,278330
VEN,"Venezuela, RB",2016,29846179
VNM,Vietnam,2016,93638724
VIR,Virgin Islands (U.S.),2016,107510
WLD,World,2016,7424282488
YEM,"Yemen, Rep.",2016,27168210
ZMB,Zambia,2016,16363507
ZWE,Zimbabwe,2016,14030390
VGB,British Virgin Islands,2017,29577
TCD,Chad,2017,15016773
TEA,East Asia & Pacific (IDA & IBRD countries),2017,2042687863
SLV,El Salvador,2017,6388122
SWZ,Eswatini,2017,1124753
TEC,Europe & Central Asia (IDA & IBRD countries),2017,456976356
XKX,Kosovo,2017,1791003
TLA,Latin America & the Caribbean (IDA & IBRD countries),2017,618632726
TMN,Middle East & North Africa (IDA & IBRD countries),2017,372091950
RUS,Russia,2017,144496740
RWA,Rwanda,2017,11980937
WSM,Samoa,2017,195352
SMR,San Marino,2017,33671
STP,Sao Tome and Principe,2017,207089
SAU,Saudi Arabia,2017,33099147
SEN,Senegal,2017,15419381
SRB,Serbia,2017,7020858
SYC,Seychelles,2017,95843
SLE,Sierra Leone,2017,7488431
SGP,Singapore,2017,5612253
SXM,Sint Maarten (Dutch part),2017,40574
SVK,Slovak Republic,2017,5439232
SVN,Slovenia,2017,2066388
SST,Small states,2017,39885876
SLB,Solomon Islands,2017,636038
SOM,Somalia,2017,14589119
ZAF,South Africa,2017,57000451
SAS,South Asia,2017,1792835608
TSA,South Asia (IDA & IBRD),2017,1792835608
SSD,South Sudan,2017,10910759
VCT,St. Vincent and the Grenadines,2017,109827
SSF,Sub-Saharan Africa,2017,1050153672
TSS,Sub-Saharan Africa (IDA & IBRD countries),2017,1050153672
SSA,Sub-Saharan Africa (excluding high income),2017,1048793216
SDN,Sudan,2017,40813396
SUR,Suriname,2017,570496
SWE,Sweden,2017,10057698
SYR,Syrian Arab Republic,2017,17068002
TJK,Tajikistan,2017,8880268
TZA,Tanzania,2017,54663906
THA,Thailand,2017,69209858
TLS,Timor-Leste,2017,1243261
TGO,Togo,2017,7698475
TON,Tonga,2017,101998
TTO,Trinidad and Tobago,2017,1384072
TUN,Tunisia,2017,11433443
TUR,Turkey,2017,81101892
TKM,Turkmenistan,2017,5757669
TCA,Turks and Caicos Islands,2017,37115
TUV,Tuvalu,2017,11370
UGA,Uganda,2017,41162465
UKR,Ukraine,2017,44831135
USA,United States,2017,324985539
UMC,Upper middle income,2017,2817771263
URY,Uruguay,2017,3436646
UZB,Uzbekistan,2017,32388600
VUT,Vanuatu,2017,285510
VEN,"Venezuela, RB",2017,29390409
VNM,Vietnam,2017,94596642
VIR,Virgin Islands (U.S.),2017,107268
WLD,World,2017,7509065705
YEM,"Yemen, Rep.",2017,27834821
ZMB,Zambia,2017,16853688
ZWE,Zimbabwe,2017,14236745
VGB,British Virgin Islands,2018,29802
TCD,Chad,2018,15477751
TEA,East Asia & Pacific (IDA & IBRD countries),2018,2056064424
SLV,El Salvador,2018,6420744
SWZ,Eswatini,2018,1136191
TEC,Europe & Central Asia (IDA & IBRD countries),2018,458970243.5
XKX,Kosovo,2018,1797085
TLA,Latin America & the Caribbean (IDA & IBRD countries),2018,624668856
TMN,Middle East & North Africa (IDA & IBRD countries),2018,378327628
RUS,Russia,2018,144477860
RWA,Rwanda,2018,12301939
WSM,Samoa,2018,196130
SMR,San Marino,2018,33785
STP,Sao Tome and Principe,2018,211028
SAU,Saudi Arabia,2018,33699947
SEN,Senegal,2018,15854360
SRB,Serbia,2018,6982604
SYC,Seychelles,2018,96762
SLE,Sierra Leone,2018,7650154
SGP,Singapore,2018,5638676
SXM,Sint Maarten (Dutch part),2018,40654
SVK,Slovak Republic,2018,5446771
SVN,Slovenia,2018,2073894
SST,Small states,2018,40576543
SLB,Solomon Islands,2018,652858
SOM,Somalia,2018,15008154
ZAF,South Africa,2018,57779622
SAS,South Asia,2018,1814388744
TSA,South Asia (IDA & IBRD),2018,1814388744
SSD,South Sudan,2018,10975920
VCT,St. Vincent and the Grenadines,2018,110210
SSF,Sub-Saharan Africa,2018,1078306520
TSS,Sub-Saharan Africa (IDA & IBRD countries),2018,1078306520
SSA,Sub-Saharan Africa (excluding high income),2018,1076944455
SDN,Sudan,2018,41801533
SUR,Suriname,2018,575991
SWE,Sweden,2018,10175214
SYR,Syrian Arab Republic,2018,16906283
TJK,Tajikistan,2018,9100837
TZA,Tanzania,2018,56318348
THA,Thailand,2018,69428524
TLS,Timor-Leste,2018,1267972
TGO,Togo,2018,7889094
TON,Tonga,2018,103197
TTO,Trinidad and Tobago,2018,1389858
TUN,Tunisia,2018,11565204
TUR,Turkey,2018,82319724
TKM,Turkmenistan,2018,5850908
TCA,Turks and Caicos Islands,2018,37665
TUV,Tuvalu,2018,11508
UGA,Uganda,2018,42723139
UKR,Ukraine,2018,44622518
USA,United States,2018,326687501
UMC,Upper middle income,2018,2837691841.5
URY,Uruguay,2018,3449299
UZB,Uzbekistan,2018,32956100
VUT,Vanuatu,2018,292680
VEN,"Venezuela, RB",2018,28870195
VNM,Vietnam,2018,95540395
VIR,Virgin Islands (U.S.),2018,106977
WLD,World,2018,7591932906.5
YEM,"Yemen, Rep.",2018,28498687
ZMB,Zambia,2018,17351822
ZWE,Zimbabwe,2018,14439018
VGB,British Virgin Islands,2019,30030
TCD,Chad,2019,15946876
TEA,East Asia & Pacific (IDA & IBRD countries),2019,2067984156
SLV,El Salvador,2019,6453553
SWZ,Eswatini,2019,1148130
TEC,Europe & Central Asia (IDA & IBRD countries),2019,460799505
XKX,Kosovo,2019,1794248
TLA,Latin America & the Caribbean (IDA & IBRD countries),2019,630644770
TMN,Middle East & North Africa (IDA & IBRD countries),2019,384771780
RUS,Russia,2019,144373535
RWA,Rwanda,2019,12626950
WSM,Samoa,2019,197097
SMR,San Marino,2019,33860
STP,Sao Tome and Principe,2019,215056
SAU,Saudi Arabia,2019,34268528
SEN,Senegal,2019,16296364
SRB,Serbia,2019,6944975
SYC,Seychelles,2019,97625
SLE,Sierra Leone,2019,7813215
SGP,Singapore,2019,5703569
SXM,Sint Maarten (Dutch part),2019,40733
SVK,Slovak Republic,2019,5454073
SVN,Slovenia,2019,2087946
SST,Small states,2019,41255484
SLB,Solomon Islands,2019,669823
SOM,Somalia,2019,15442905
ZAF,South Africa,2019,58558270
SAS,South Asia,2019,1835776742
TSA,South Asia (IDA & IBRD),2019,1835776742
SSD,South Sudan,2019,11062113
VCT,St. Vincent and the Grenadines,2019,110589
SSF,Sub-Saharan Africa,2019,1106957898
TSS,Sub-Saharan Africa (IDA & IBRD countries),2019,1106957898
SSA,Sub-Saharan Africa (excluding high income),2019,1105594562
SDN,Sudan,2019,42813238
SUR,Suriname,2019,581372
SWE,Sweden,2019,10285453
SYR,Syrian Arab Republic,2019,17070135
TJK,Tajikistan,2019,9321018
TZA,Tanzania,2019,58005463
THA,Thailand,2019,69625582
TLS,Timor-Leste,2019,1293119
TGO,Togo,2019,8082366
TON,Tonga,2019,104494
TTO,Trinidad and Tobago,2019,1394973
TUN,Tunisia,2019,11694719
TUR,Turkey,2019,83429615
TKM,Turkmenistan,2019,5942089
TCA,Turks and Caicos Islands,2019,38191
TUV,Tuvalu,2019,11646
UGA,Uganda,2019,44269594
UKR,Ukraine,2019,44385155
USA,United States,2019,328239523
UMC,Upper middle income,2019,2855862789
URY,Uruguay,2019,3461734
UZB,Uzbekistan,2019,33580650
VUT,Vanuatu,2019,299882
VEN,"Venezuela, RB",2019,28515829
VNM,Vietnam,2019,96462106
VIR,Virgin Islands (U.S.),2019,106631
WLD,World,2019,7673533972
YEM,"Yemen, Rep.",2019,29161922
ZMB,Zambia,2019,17861030
ZWE,Zimbabwe,2019,14645468
